<?xml version="1.0" encoding="UTF-8"?>
<GenRun Id="impl_1" LaunchPart="xc7a35tcsg324-1" LaunchTime="1630656554">
  <File Type="BITSTR-BMM" Name="single_cycle_bd.bmm"/>
  <File Type="ROUTE-PWR" Name="single_cycle_power_routed.rpt"/>
  <File Type="PA-TCL" Name="single_cycle.tcl"/>
  <File Type="OPT-DCP" Name="single_cycle_opt.dcp"/>
  <File Type="ROUTE-PWR-SUM" Name="single_cycle_power_summary_routed.pb"/>
  <File Type="REPORTS-TCL" Name="single_cycle_reports.tcl"/>
  <File Type="OPT-DRC" Name="single_cycle_drc_opted.rpt"/>
  <File Type="OPT-HWDEF" Name="single_cycle.hwdef"/>
  <File Type="PWROPT-DCP" Name="single_cycle_pwropt.dcp"/>
  <File Type="PLACE-DCP" Name="single_cycle_placed.dcp"/>
  <File Type="PLACE-IO" Name="single_cycle_io_placed.rpt"/>
  <File Type="PLACE-UTIL" Name="single_cycle_utilization_placed.rpt"/>
  <File Type="PLACE-UTIL-PB" Name="single_cycle_utilization_placed.pb"/>
  <File Type="PLACE-CTRL" Name="single_cycle_control_sets_placed.rpt"/>
  <File Type="PLACE-PRE-SIMILARITY" Name="single_cycle_incremental_reuse_pre_placed.rpt"/>
  <File Type="POSTPLACE-PWROPT-DCP" Name="single_cycle_postplace_pwropt.dcp"/>
  <File Type="BG-BIN" Name="single_cycle.bin"/>
  <File Type="PHYSOPT-DCP" Name="single_cycle_physopt.dcp"/>
  <File Type="BITSTR-MSK" Name="single_cycle.msk"/>
  <File Type="ROUTE-ERROR-DCP" Name="single_cycle_routed_error.dcp"/>
  <File Type="ROUTE-DCP" Name="single_cycle_routed.dcp"/>
  <File Type="ROUTE-BLACKBOX-DCP" Name="single_cycle_routed_bb.dcp"/>
  <File Type="ROUTE-DRC" Name="single_cycle_drc_routed.rpt"/>
  <File Type="ROUTE-DRC-PB" Name="single_cycle_drc_routed.pb"/>
  <File Type="BITSTR-LTX" Name="single_cycle.ltx"/>
  <File Type="ROUTE-DRC-RPX" Name="single_cycle_drc_routed.rpx"/>
  <File Type="BITSTR-MMI" Name="single_cycle.mmi"/>
  <File Type="ROUTE-METHODOLOGY-DRC" Name="single_cycle_methodology_drc_routed.rpt"/>
  <File Type="ROUTE-METHODOLOGY-DRC-RPX" Name="single_cycle_methodology_drc_routed.rpx"/>
  <File Type="BITSTR-SYSDEF" Name="single_cycle.sysdef"/>
  <File Type="ROUTE-METHODOLOGY-DRC-PB" Name="single_cycle_methodology_drc_routed.pb"/>
  <File Type="ROUTE-PWR-RPX" Name="single_cycle_power_routed.rpx"/>
  <File Type="ROUTE-STATUS" Name="single_cycle_route_status.rpt"/>
  <File Type="ROUTE-STATUS-PB" Name="single_cycle_route_status.pb"/>
  <File Type="ROUTE-TIMINGSUMMARY" Name="single_cycle_timing_summary_routed.rpt"/>
  <File Type="ROUTE-TIMING-PB" Name="single_cycle_timing_summary_routed.pb"/>
  <File Type="ROUTE-TIMING-RPX" Name="single_cycle_timing_summary_routed.rpx"/>
  <File Type="RDI-RDI" Name="single_cycle.vdi"/>
  <File Type="ROUTE-CLK" Name="single_cycle_clock_utilization_routed.rpt"/>
  <File Type="ROUTE-BUS-SKEW" Name="single_cycle_bus_skew_routed.rpt"/>
  <File Type="ROUTE-BUS-SKEW-PB" Name="single_cycle_bus_skew_routed.pb"/>
  <File Type="ROUTE-BUS-SKEW-RPX" Name="single_cycle_bus_skew_routed.rpx"/>
  <File Type="POSTROUTE-PHYSOPT-DCP" Name="single_cycle_postroute_physopt.dcp"/>
  <File Type="POSTROUTE-PHYSOPT-BLACKBOX-DCP" Name="single_cycle_postroute_physopt_bb.dcp"/>
  <File Type="BG-BIT" Name="single_cycle.bit"/>
  <File Type="BITSTR-RBT" Name="single_cycle.rbt"/>
  <File Type="BITSTR-NKY" Name="single_cycle.nky"/>
  <File Type="PDI-FILE" Name="single_cycle.pdi"/>
  <File Type="RCFI_FILE" Name="single_cycle.rcfi"/>
  <File Type="WBT-USG" Name="usage_statistics_webtalk.html"/>
  <File Type="CFI_FILE" Name="single_cycle.cfi"/>
  <File Type="RNPI_FILE" Name="single_cycle.rnpi"/>
  <File Type="NPI_FILE" Name="single_cycle.npi"/>
  <File Type="RBD_FILE" Name="single_cycle.rbd"/>
  <File Type="BG-BGN" Name="single_cycle.bgn"/>
  <File Type="BG-DRC" Name="single_cycle.drc"/>
  <FileSet Name="sources" Type="DesignSrcs" RelSrcDir="$PSRCDIR/sources_1">
    <Filter Type="Srcs"/>
    <File Path="$PSRCDIR/sources_1/new/myCPU/macro.vh">
      <FileInfo>
        <Attr Name="UsedIn" Val="synthesis"/>
        <Attr Name="UsedIn" Val="simulation"/>
      </FileInfo>
    </File>
    <File Path="$PSRCDIR/sources_1/new/myCPU/alu.v">
      <FileInfo>
        <Attr Name="UsedIn" Val="synthesis"/>
        <Attr Name="UsedIn" Val="implementation"/>
        <Attr Name="UsedIn" Val="simulation"/>
      </FileInfo>
    </File>
    <File Path="$PSRCDIR/sources_1/new/confreg/confreg.v">
      <FileInfo>
        <Attr Name="UsedIn" Val="synthesis"/>
        <Attr Name="UsedIn" Val="implementation"/>
        <Attr Name="UsedIn" Val="simulation"/>
      </FileInfo>
    </File>
    <File Path="$PSRCDIR/sources_1/new/myCPU/control.v">
      <FileInfo>
        <Attr Name="UsedIn" Val="synthesis"/>
        <Attr Name="UsedIn" Val="implementation"/>
        <Attr Name="UsedIn" Val="simulation"/>
      </FileInfo>
    </File>
    <File Path="$PSRCDIR/sources_1/new/myCPU/cpu.v">
      <FileInfo>
        <Attr Name="UsedIn" Val="synthesis"/>
        <Attr Name="UsedIn" Val="implementation"/>
        <Attr Name="UsedIn" Val="simulation"/>
      </FileInfo>
    </File>
    <File Path="$PSRCDIR/sources_1/new/myCPU/pc.v">
      <FileInfo>
        <Attr Name="UsedIn" Val="synthesis"/>
        <Attr Name="UsedIn" Val="implementation"/>
        <Attr Name="UsedIn" Val="simulation"/>
      </FileInfo>
    </File>
    <File Path="$PSRCDIR/sources_1/new/myCPU/regfile.v">
      <FileInfo>
        <Attr Name="UsedIn" Val="synthesis"/>
        <Attr Name="UsedIn" Val="implementation"/>
        <Attr Name="UsedIn" Val="simulation"/>
      </FileInfo>
    </File>
    <File Path="$PSRCDIR/sources_1/new/single_cycle.v">
      <FileInfo>
        <Attr Name="UsedIn" Val="synthesis"/>
        <Attr Name="UsedIn" Val="implementation"/>
        <Attr Name="UsedIn" Val="simulation"/>
      </FileInfo>
    </File>
    <File Path="$PPRDIR/../soft/fibonacci.coe">
      <FileInfo>
        <Attr Name="UsedIn" Val="synthesis"/>
        <Attr Name="UsedIn" Val="simulation"/>
      </FileInfo>
    </File>
    <File Path="$PPRDIR/../soft/adder8bit.coe">
      <FileInfo>
        <Attr Name="UsedIn" Val="synthesis"/>
        <Attr Name="UsedIn" Val="simulation"/>
      </FileInfo>
    </File>
    <Config>
      <Option Name="DesignMode" Val="RTL"/>
      <Option Name="TopModule" Val="single_cycle"/>
      <Option Name="TopAutoSet" Val="TRUE"/>
    </Config>
  </FileSet>
  <FileSet Name="constrs_in" Type="Constrs" RelSrcDir="$PSRCDIR/constrs_1">
    <Filter Type="Constrs"/>
    <File Path="$PSRCDIR/constrs_1/new/single_cycle.xdc">
      <FileInfo>
        <Attr Name="UsedIn" Val="synthesis"/>
        <Attr Name="UsedIn" Val="implementation"/>
      </FileInfo>
    </File>
    <Config>
      <Option Name="TargetConstrsFile" Val="$PSRCDIR/constrs_1/new/single_cycle.xdc"/>
      <Option Name="ConstrsType" Val="XDC"/>
    </Config>
  </FileSet>
  <FileSet Name="utils" Type="Utils" RelSrcDir="$PSRCDIR/utils_1">
    <Filter Type="Utils"/>
    <Config>
      <Option Name="TopAutoSet" Val="TRUE"/>
    </Config>
  </FileSet>
  <Strategy Version="1" Minor="2">
    <StratHandle Name="Vivado Implementation Defaults" Flow="Vivado Implementation 2018"/>
    <Step Id="init_design"/>
    <Step Id="opt_design"/>
    <Step Id="power_opt_design"/>
    <Step Id="place_design"/>
    <Step Id="post_place_power_opt_design"/>
    <Step Id="phys_opt_design"/>
    <Step Id="route_design"/>
    <Step Id="post_route_phys_opt_design"/>
    <Step Id="write_bitstream"/>
    <Step Id="write_device_image"/>
  </Strategy>
  <BlockFileSet Type="BlockSrcs" Name="data_ram"/>
  <BlockFileSet Type="BlockSrcs" Name="inst_rom"/>
</GenRun>
