<?xml version="1.0" encoding="UTF-8"?>
<GenRun Id="data_ram_synth_1" LaunchPart="xc7a35tcsg324-1" LaunchTime="1629962271">
  <File Type="PA-TCL" Name="data_ram.tcl"/>
  <File Type="REPORTS-TCL" Name="data_ram_reports.tcl"/>
  <File Type="RDS-RDS" Name="data_ram.vds"/>
  <File Type="RDS-UTIL" Name="data_ram_utilization_synth.rpt"/>
  <File Type="RDS-UTIL-PB" Name="data_ram_utilization_synth.pb"/>
  <File Type="RDS-DCP" Name="data_ram.dcp"/>
  <FileSet Name="sources" Type="BlockSrcs" RelSrcDir="$PSRCDIR/data_ram">
    <File Path="$PSRCDIR/sources_1/new/ip/data_ram/data_ram.xci">
      <FileInfo>
        <Attr Name="UsedIn" Val="synthesis"/>
        <Attr Name="UsedIn" Val="implementation"/>
        <Attr Name="UsedIn" Val="simulation"/>
      </FileInfo>
    </File>
    <Config>
      <Option Name="TopModule" Val="data_ram"/>
      <Option Name="UseBlackboxStub" Val="1"/>
    </Config>
  </FileSet>
  <FileSet Name="constrs_in" Type="BlockSrcs" RelSrcDir="$PSRCDIR/data_ram">
    <File Path="$PSRCDIR/sources_1/new/ip/data_ram/data_ram.xci">
      <FileInfo>
        <Attr Name="UsedIn" Val="synthesis"/>
        <Attr Name="UsedIn" Val="implementation"/>
        <Attr Name="UsedIn" Val="simulation"/>
      </FileInfo>
    </File>
    <Config>
      <Option Name="TopModule" Val="data_ram"/>
      <Option Name="UseBlackboxStub" Val="1"/>
    </Config>
  </FileSet>
  <FileSet Name="utils" Type="Utils" RelSrcDir="$PSRCDIR/utils_1">
    <Filter Type="Utils"/>
    <Config>
      <Option Name="TopAutoSet" Val="TRUE"/>
    </Config>
  </FileSet>
  <Strategy Version="1" Minor="2">
    <StratHandle Name="Vivado Synthesis Defaults" Flow="Vivado Synthesis 2019"/>
    <Step Id="synth_design"/>
  </Strategy>
</GenRun>
